Workbook

Sheet BCC
H1: Công ty Cổ phần Quốc tế Thương mại và Dịch vụ Việt Pháp
H2: MST: 0201307104
H3: Địa chỉ: Số 12 Lô 18D Lê Hồng Phong, P.Đằng Lâm, Q.Hải An, Hải Phòng
A7: STT | B7: STT | C7: Mã nhân viên | E7: Họ và tên | F7: Ngày vào | G7: Ngày nghỉ | H7: Bộ phận | I7: T2 | M7: T3 | Q7: T4 | U7: T5 | Y7: T6 | AC7: T7 | AG7: CN | AK7: 8 | AO7: 9 | AS7: 10 | AW7: 11 | BA7: 12 | BE7: 13 | BI7: 14 | BM7: 15 | BQ7: 16 | BU7: 17 | BY7: 18 | CC7: 19 | CG7: 20 | CK7: 21 | CO7: 22 | CS7: 23 | CW7: 24 | DA7: 25 | DE7: 26 | DI7: 27 | DM7: 28 | DQ7: 29 | DU7: 30 | DY7: 31 | EC7: Tổng hợp | EK7: Tiền ăn tăng ca | EM7: Hồ Sơ
D8: CCCD | I8: 1 | M8: 2 | Q8: 3 | U8: 4 | Y8: 5 | AC8: 6 | AG8: 7 | AK8: T2 | AO8: T3 | AS8: T4 | AW8: T5 | BA8: T6 | BE8: T7 | BI8: CN | BM8: T2 | BQ8: T3 | BU8: T4 | BY8: T5 | CC8: T6 | CG8: T7 | CK8: CN | CO8: T2 | CS8: T3 | CW8: T4 | DA8: T5 | DE8: T6 | DI8: T7 | DM8: CN | DQ8: T2 | DU8: T3 | DY8: T4 | EK8: Tăng ca 2 - 2,5 | EL8: Tăng ca 3 - 4
I9: 36000 | J9: 54000 | K9: 46800 | L9: 75600 | M9: 36000 | N9: 54000 | O9: 46800 | P9: 75600 | Q9: 36000 | R9: 54000 | S9: 46800 | T9: 75600 | U9: 36000 | V9: 54000 | W9: 46800 | X9: 75600 | Y9: 36000 | Z9: 54000 | AA9: 46800 | AB9: 75600 | AC9: 36000 | AD9: 54000 | AE9: 46800 | AF9: 75600 | AG9: 72000 | AH9: 72000 | AI9: 97200 | AJ9: 72000 | AK9: 36000 | AL9: 54000 | AM9: 46800 | AN9: 75600 | AO9: 36000 | AP9: 54000 | AQ9: 46800 | AR9: 75600 | AS9: 36000 | AT9: 54000 | AU9: 46800 | AV9: 75600 | AW9: 36000 | AX9: 54000 | AY9: 46800 | AZ9: 75600 | BA9: 36000 | BB9: 54000 | BC9: 46800 | BD9: 75600 | BE9: 36000 | BF9: 54000 | BG9: 46800 | BH9: 75600 | BI9: 72000 | BJ9: 72000 | BK9: 97200 | BL9: 72000 | BM9: 36000 | BN9: 54000 | BO9: 46800 | BP9: 75600 | BQ9: 36000 | BR9: 54000 | BS9: 46800 | BT9: 75600 | BU9: 36000 | BV9: 54000 | BW9: 46800 | BX9: 75600 | BY9: 36000 | BZ9: 54000 | CA9: 46800 | CB9: 75600 | CC9: 36000 | CD9: 54000 | CE9: 46800 | CF9: 75600 | CG9: 36000 | CH9: 54000 | CI9: 46800 | CJ9: 75600 | CK9: 72000 | CL9: 72000 | CM9: 97200 | CN9: 72000 | CO9: 36000 | CP9: 54000 | CQ9: 46800 | CR9: 75600 | CS9: 36000 | CT9: 54000 | CU9: 46800 | CV9: 75600 | CW9: 36000 | CX9: 54000 | CY9: 46800 | CZ9: 75600 | DA9: 36000 | DB9: 54000 | DC9: 46800 | DD9: 75600 | DE9: 36000 | DF9: 54000 | DG9: 46800 | DH9: 75600 | DI9: 36000 | DJ9: 54000 | DK9: 46800 | DL9: 75600 | DM9: 72000 | DN9: 72000 | DO9: 97200 | DP9: 72000 | DQ9: 36000 | DR9: 54000 | DS9: 46800 | DT9: 75600 | DU9: 36000 | DV9: 54000 | DW9: 46800 | DX9: 75600 | DY9: 36000 | DZ9: 54000 | EA9: 46800 | EB9: 75600
I10: CB N | J10: OT N | K10: CB Đ | L10: OT Đ | M10: CB N | N10: OT N | O10: CB Đ | P10: OT Đ | Q10: CB N | R10: OT N | S10: CB Đ | T10: OT Đ | U10: CB N | V10: OT N | W10: CB Đ | X10: OT Đ | Y10: CB N | Z10: OT N | AA10: CB Đ | AB10: OT Đ | AC10: CB N | AD10: OT N | AE10: CB Đ | AF10: OT Đ | AG10: CN N | AH10: OT CN N | AI10: CN Đ | AJ10: OT CN Đ | AK10: CB N | AL10: OT N | AM10: CB Đ | AN10: OT Đ | AO10: CB N | AP10: OT N | AQ10: CB Đ | AR10: OT Đ | AS10: CB N | AT10: OT N | AU10: CB Đ | AV10: OT Đ | AW10: CB N | AX10: OT N | AY10: CB Đ | AZ10: OT Đ | BA10: CB N | BB10: OT N | BC10: CB Đ | BD10: OT Đ | BE10: CB N | BF10: OT N | BG10: CB Đ | BH10: OT Đ | BI10: CN N | BJ10: OT CN N | BK10: CN Đ | BL10: OT CN Đ | BM10: CB N | BN10: OT N | BO10: CB Đ | BP10: OT Đ | BQ10: CB N | BR10: OT N | BS10: CB Đ | BT10: OT Đ | BU10: CB N | BV10: OT N | BW10: CB Đ | BX10: OT Đ | BY10: CB N | BZ10: OT N | CA10: CB Đ | CB10: OT Đ | CC10: CB N | CD10: OT N | CE10: CB Đ | CF10: OT Đ | CG10: CB N | CH10: OT N | CI10: CB Đ | CJ10: OT Đ | CK10: CN N | CL10: OT CN N | CM10: CN Đ | CN10: OT CN Đ | CO10: CB N | CP10: OT N | CQ10: CB Đ | CR10: OT Đ | CS10: CB N | CT10: OT N | CU10: CB Đ | CV10: OT Đ | CW10: CB N | CX10: OT N | CY10: CB Đ | CZ10: OT Đ | DA10: CB N | DB10: OT N | DC10: CB Đ | DD10: OT Đ | DE10: CB N | DF10: OT N | DG10: CB Đ | DH10: OT Đ | DI10: CB N | DJ10: OT N | DK10: CB Đ | DL10: OT Đ | DM10: CN N | DN10: OT CN N | DO10: CN Đ | DP10: OT CN Đ | DQ10: CB N | DR10: OT N | DS10: CB Đ | DT10: OT Đ | DU10: CB N | DV10: OT N | DW10: CB Đ | DX10: OT Đ | DY10: CB N | DZ10: OT N | EA10: CB Đ | EB10: OT Đ | EC10: CB N | ED10: OT N | EE10: CB Đ | EF10: OT Đ | EG10: CN N | EH10: OT CN N | EI10: CN Đ | EJ10: OT CN Đ | EK10: 12000 | EL10: 20000
B11: 03 | C11: LV001114 | D11: 031206017692 | E11: Phạm Trần Nhất Long | F11: 46169 | H11: Đóng gói | I11: 8 | J11: 3 | M11: 8 | N11: 3 | Q11: 8 | R11: 3 | U11: 7.5 | V11: 3 | Y11: 8 | Z11: 3 | AC11: 8 | AD11: 3 | EC11: =SUMIF($I$10:$EB$10,$EC$10,I11:EB11) -> 47.5 | ED11: =SUMIF($I$10:$EB$10,$ED$10,I11:EB11) -> 18 | EE11: =SUMIF($I$10:$EB$10,$EE$10,I11:EB11) -> 0 | EF11: =SUMIF($I$10:$EB$10,$EF$10,I11:EB11) -> 0 | EG11: =SUMIF($I$10:$EB$10,EG$10,$I11:$EB11) -> 0 | EH11: =SUMIF($I$10:$EB$10,EH$10,$I11:$EB11) -> 0 | EI11: =SUMIF($I$10:$EB$10,EI$10,$I11:$EB11) -> 0 | EJ11: =SUMIF($I$10:$EB$10,EJ$10,$I11:$EB11) -> 0
B12: 04 | C12: LV001116 | D12: 031205013403 | E12: Nguyễn Tuấn Quang | F12: 46169 | H12: Đóng gói | I12: 8 | J12: 3 | M12: 8 | N12: 3 | Q12: 8 | R12: 3 | U12: 8 | V12: 3 | Y12: 8 | Z12: 3 | AC12: 8 | AD12: 3 | EC12: =SUMIF($I$10:$EB$10,$EC$10,I12:EB12) -> 48 | ED12: =SUMIF($I$10:$EB$10,$ED$10,I12:EB12) -> 18 | EE12: =SUMIF($I$10:$EB$10,$EE$10,I12:EB12) -> 0 | EF12: =SUMIF($I$10:$EB$10,$EF$10,I12:EB12) -> 0 | EG12: =SUMIF($I$10:$EB$10,EG$10,$I12:$EB12) -> 0 | EH12: =SUMIF($I$10:$EB$10,EH$10,$I12:$EB12) -> 0 | EI12: =SUMIF($I$10:$EB$10,EI$10,$I12:$EB12) -> 0 | EJ12: =SUMIF($I$10:$EB$10,EJ$10,$I12:$EB12) -> 0
B13: 05 | C13: LV001111 | D13: 031204008916 | E13: Phạm Văn Khánh | F13: 46169 | H13: Kim Loại | I13: 8 | J13: 3 | M13: 8 | N13: 3 | Q13: 8 | R13: 3 | U13: 7.5 | V13: 3 | Y13: 8 | Z13: 3 | AC13: 8 | AD13: 3 | EC13: =SUMIF($I$10:$EB$10,$EC$10,I13:EB13) -> 47.5 | ED13: =SUMIF($I$10:$EB$10,$ED$10,I13:EB13) -> 18 | EE13: =SUMIF($I$10:$EB$10,$EE$10,I13:EB13) -> 0 | EF13: =SUMIF($I$10:$EB$10,$EF$10,I13:EB13) -> 0 | EG13: =SUMIF($I$10:$EB$10,EG$10,$I13:$EB13) -> 0 | EH13: =SUMIF($I$10:$EB$10,EH$10,$I13:$EB13) -> 0 | EI13: =SUMIF($I$10:$EB$10,EI$10,$I13:$EB13) -> 0 | EJ13: =SUMIF($I$10:$EB$10,EJ$10,$I13:$EB13) -> 0
B14: 07 | C14: LV001113 | D14: 031206019231 | E14: Chu Ngọc Vỹ | F14: 46169 | H14: Kim loại | I14: 8 | J14: 3 | M14: 8 | N14: 3 | Q14: 8 | R14: 3 | U14: 8 | V14: 3 | Y14: 8 | Z14: 3 | EC14: =SUMIF($I$10:$EB$10,$EC$10,I14:EB14) -> 40 | ED14: =SUMIF($I$10:$EB$10,$ED$10,I14:EB14) -> 15 | EE14: =SUMIF($I$10:$EB$10,$EE$10,I14:EB14) -> 0 | EF14: =SUMIF($I$10:$EB$10,$EF$10,I14:EB14) -> 0 | EG14: =SUMIF($I$10:$EB$10,EG$10,$I14:$EB14) -> 0 | EH14: =SUMIF($I$10:$EB$10,EH$10,$I14:$EB14) -> 0 | EI14: =SUMIF($I$10:$EB$10,EI$10,$I14:$EB14) -> 0 | EJ14: =SUMIF($I$10:$EB$10,EJ$10,$I14:$EB14) -> 0
A15: 19 | B15: 08 | C15: LV000738 | D15: 034176005982 | E15: Phạm Thị Loan | F15: 46148 | H15: Kho | I15: 8 | M15: 8 | N15: 4 | Q15: 8 | R15: 4 | U15: 8 | V15: 4 | Y15: 8 | Z15: 3 | EC15: =SUMIF($I$10:$EB$10,$EC$10,I15:EB15) -> 40 | ED15: =SUMIF($I$10:$EB$10,$ED$10,I15:EB15) -> 15 | EE15: =SUMIF($I$10:$EB$10,$EE$10,I15:EB15) -> 0 | EF15: =SUMIF($I$10:$EB$10,$EF$10,I15:EB15) -> 0 | EG15: =SUMIF($I$10:$EB$10,EG$10,$I15:$EB15) -> 0 | EH15: =SUMIF($I$10:$EB$10,EH$10,$I15:$EB15) -> 0 | EI15: =SUMIF($I$10:$EB$10,EI$10,$I15:$EB15) -> 0 | EJ15: =SUMIF($I$10:$EB$10,EJ$10,$I15:$EB15) -> 0
B16: 09 | C16: LV001097 | D16: 011305002757 | E16: Phạm Trung Nguyên | F16: 46169 | H16: Kho | I16: 8 | M16: 8 | N16: 3 | Q16: 8 | R16: 4 | U16: 8 | V16: 3 | Y16: 8 | Z16: 3 | AC16: 8 | EC16: =SUMIF($I$10:$EB$10,$EC$10,I16:EB16) -> 48 | ED16: =SUMIF($I$10:$EB$10,$ED$10,I16:EB16) -> 13 | EE16: =SUMIF($I$10:$EB$10,$EE$10,I16:EB16) -> 0 | EF16: =SUMIF($I$10:$EB$10,$EF$10,I16:EB16) -> 0 | EG16: =SUMIF($I$10:$EB$10,EG$10,$I16:$EB16) -> 0 | EH16: =SUMIF($I$10:$EB$10,EH$10,$I16:$EB16) -> 0 | EI16: =SUMIF($I$10:$EB$10,EI$10,$I16:$EB16) -> 0 | EJ16: =SUMIF($I$10:$EB$10,EJ$10,$I16:$EB16) -> 0
B17: 11 | C17: LV001105 | D17: 031204007920 | E17: Vũ Văn Việt | F17: 46169 | H17: Kho | I17: 8 | M17: 8 | N17: 3 | Q17: 8 | R17: 4 | U17: 8 | V17: 3 | Y17: 8 | Z17: 3 | AC17: 8 | EC17: =SUMIF($I$10:$EB$10,$EC$10,I17:EB17) -> 48 | ED17: =SUMIF($I$10:$EB$10,$ED$10,I17:EB17) -> 13 | EE17: =SUMIF($I$10:$EB$10,$EE$10,I17:EB17) -> 0 | EF17: =SUMIF($I$10:$EB$10,$EF$10,I17:EB17) -> 0 | EG17: =SUMIF($I$10:$EB$10,EG$10,$I17:$EB17) -> 0 | EH17: =SUMIF($I$10:$EB$10,EH$10,$I17:$EB17) -> 0 | EI17: =SUMIF($I$10:$EB$10,EI$10,$I17:$EB17) -> 0 | EJ17: =SUMIF($I$10:$EB$10,EJ$10,$I17:$EB17) -> 0
B18: 12 | C18: LV001146 | D18: 014306001095 | E18: Lò Thị Chinh | F18: 46174 | H18: Kho | I18: 8 | M18: 8 | N18: 3 | Q18: 8 | R18: 3 | U18: 8 | V18: 4 | Y18: 8 | AC18: 8 | EC18: =SUMIF($I$10:$EB$10,$EC$10,I18:EB18) -> 48 | ED18: =SUMIF($I$10:$EB$10,$ED$10,I18:EB18) -> 10 | EE18: =SUMIF($I$10:$EB$10,$EE$10,I18:EB18) -> 0 | EF18: =SUMIF($I$10:$EB$10,$EF$10,I18:EB18) -> 0 | EG18: =SUMIF($I$10:$EB$10,EG$10,$I18:$EB18) -> 0 | EH18: =SUMIF($I$10:$EB$10,EH$10,$I18:$EB18) -> 0 | EI18: =SUMIF($I$10:$EB$10,EI$10,$I18:$EB18) -> 0 | EJ18: =SUMIF($I$10:$EB$10,EJ$10,$I18:$EB18) -> 0
B19: 13 | C19: LV001147 | D19: 011204001877 | E19: Lường Văn Cường | F19: 46174 | H19: Kho | I19: 8 | M19: 8 | N19: 2 | Q19: 8 | R19: 4 | U19: 8 | V19: 3 | Y19: 8 | Z19: 3 | EC19: =SUMIF($I$10:$EB$10,$EC$10,I19:EB19) -> 40 | ED19: =SUMIF($I$10:$EB$10,$ED$10,I19:EB19) -> 12 | EE19: =SUMIF($I$10:$EB$10,$EE$10,I19:EB19) -> 0 | EF19: =SUMIF($I$10:$EB$10,$EF$10,I19:EB19) -> 0 | EG19: =SUMIF($I$10:$EB$10,EG$10,$I19:$EB19) -> 0 | EH19: =SUMIF($I$10:$EB$10,EH$10,$I19:$EB19) -> 0 | EI19: =SUMIF($I$10:$EB$10,EI$10,$I19:$EB19) -> 0 | EJ19: =SUMIF($I$10:$EB$10,EJ$10,$I19:$EB19) -> 0
A20: 6 | B20: 15 | C20: LV000103 | D20: 036203011380 | E20: Nguyễn Trung Hải | H20: Lắp ráp | I20: 8 | J20: 3 | M20: 8 | N20: 3 | Q20: 7.5 | R20: 4 | U20: 8 | V20: 4 | Y20: 8 | AC20: 8 | EC20: =SUMIF($I$10:$EB$10,$EC$10,I20:EB20) -> 47.5 | ED20: =SUMIF($I$10:$EB$10,$ED$10,I20:EB20) -> 14 | EE20: =SUMIF($I$10:$EB$10,$EE$10,I20:EB20) -> 0 | EF20: =SUMIF($I$10:$EB$10,$EF$10,I20:EB20) -> 0 | EG20: =SUMIF($I$10:$EB$10,EG$10,$I20:$EB20) -> 0 | EH20: =SUMIF($I$10:$EB$10,EH$10,$I20:$EB20) -> 0 | EI20: =SUMIF($I$10:$EB$10,EI$10,$I20:$EB20) -> 0 | EJ20: =SUMIF($I$10:$EB$10,EJ$10,$I20:$EB20) -> 0
A21: 7 | B21: 16 | C21: LV000234 | D21: 011203008736 | E21: quàng văn sơn | H21: Lắp ráp | M21: 8 | N21: 3 | Q21: 8 | R21: 3 | U21: 6 | Y21: 8 | Z21: 2 | AC21: 8 | EC21: =SUMIF($I$10:$EB$10,$EC$10,I21:EB21) -> 38 | ED21: =SUMIF($I$10:$EB$10,$ED$10,I21:EB21) -> 8 | EE21: =SUMIF($I$10:$EB$10,$EE$10,I21:EB21) -> 0 | EF21: =SUMIF($I$10:$EB$10,$EF$10,I21:EB21) -> 0 | EG21: =SUMIF($I$10:$EB$10,EG$10,$I21:$EB21) -> 0 | EH21: =SUMIF($I$10:$EB$10,EH$10,$I21:$EB21) -> 0 | EI21: =SUMIF($I$10:$EB$10,EI$10,$I21:$EB21) -> 0 | EJ21: =SUMIF($I$10:$EB$10,EJ$10,$I21:$EB21) -> 0
A22: 13 | B22: 17 | C22: LV000235 | D22: 031186011750 | E22: nguyễn thị thanh hiền | H22: Lắp ráp | I22: 8 | M22: 8 | N22: 3 | Q22: 8 | R22: 3 | U22: 8 | V22: 2 | Y22: 8 | Z22: 2 | AC22: 8 | EC22: =SUMIF($I$10:$EB$10,$EC$10,I22:EB22) -> 48 | ED22: =SUMIF($I$10:$EB$10,$ED$10,I22:EB22) -> 10 | EE22: =SUMIF($I$10:$EB$10,$EE$10,I22:EB22) -> 0 | EF22: =SUMIF($I$10:$EB$10,$EF$10,I22:EB22) -> 0 | EG22: =SUMIF($I$10:$EB$10,EG$10,$I22:$EB22) -> 0 | EH22: =SUMIF($I$10:$EB$10,EH$10,$I22:$EB22) -> 0 | EI22: =SUMIF($I$10:$EB$10,EI$10,$I22:$EB22) -> 0 | EJ22: =SUMIF($I$10:$EB$10,EJ$10,$I22:$EB22) -> 0
A23: 14 | B23: 18 | C23: LV000382 | D23: 044307009163 | E23: Đinh Thị Khánh Nhi | H23: Lắp ráp | I23: 8 | M23: 8 | N23: 3 | Q23: 8 | R23: 3 | U23: 7 | V23: 3 | Y23: 8 | Z23: 2 | AC23: 8 | EC23: =SUMIF($I$10:$EB$10,$EC$10,I23:EB23) -> 47 | ED23: =SUMIF($I$10:$EB$10,$ED$10,I23:EB23) -> 11 | EE23: =SUMIF($I$10:$EB$10,$EE$10,I23:EB23) -> 0 | EF23: =SUMIF($I$10:$EB$10,$EF$10,I23:EB23) -> 0 | EG23: =SUMIF($I$10:$EB$10,EG$10,$I23:$EB23) -> 0 | EH23: =SUMIF($I$10:$EB$10,EH$10,$I23:$EB23) -> 0 | EI23: =SUMIF($I$10:$EB$10,EI$10,$I23:$EB23) -> 0 | EJ23: =SUMIF($I$10:$EB$10,EJ$10,$I23:$EB23) -> 0
A24: 15 | B24: 19 | C24: LV000384 | D24: 031176000320 | E24: Đinh Thị Tuyến | H24: Lắp ráp | I24: 8 | M24: 8 | N24: 3 | Q24: 8 | R24: 3 | U24: 8 | V24: 2 | Y24: 8 | Z24: 2 | AC24: 8 | EC24: =SUMIF($I$10:$EB$10,$EC$10,I24:EB24) -> 48 | ED24: =SUMIF($I$10:$EB$10,$ED$10,I24:EB24) -> 10 | EE24: =SUMIF($I$10:$EB$10,$EE$10,I24:EB24) -> 0 | EF24: =SUMIF($I$10:$EB$10,$EF$10,I24:EB24) -> 0 | EG24: =SUMIF($I$10:$EB$10,EG$10,$I24:$EB24) -> 0 | EH24: =SUMIF($I$10:$EB$10,EH$10,$I24:$EB24) -> 0 | EI24: =SUMIF($I$10:$EB$10,EI$10,$I24:$EB24) -> 0 | EJ24: =SUMIF($I$10:$EB$10,EJ$10,$I24:$EB24) -> 0
A25: 20 | B25: 21 | C25: LV000741 | D25: 031177006601 | E25: Đào Thị Tâm | H25: Lắp ráp | I25: 8 | J25: 3 | M25: 8 | N25: 2.5 | Q25: 4 | U25: 8 | V25: 3 | Y25: 8 | Z25: 3 | AC25: 8 | EC25: =SUMIF($I$10:$EB$10,$EC$10,I25:EB25) -> 44 | ED25: =SUMIF($I$10:$EB$10,$ED$10,I25:EB25) -> 11.5 | EE25: =SUMIF($I$10:$EB$10,$EE$10,I25:EB25) -> 0 | EF25: =SUMIF($I$10:$EB$10,$EF$10,I25:EB25) -> 0 | EG25: =SUMIF($I$10:$EB$10,EG$10,$I25:$EB25) -> 0 | EH25: =SUMIF($I$10:$EB$10,EH$10,$I25:$EB25) -> 0 | EI25: =SUMIF($I$10:$EB$10,EI$10,$I25:$EB25) -> 0 | EJ25: =SUMIF($I$10:$EB$10,EJ$10,$I25:$EB25) -> 0
A26: 23 | B26: 22 | C26: LV000774 | D26: 038304026938 | E26: Trần Thị Ngọc Thành | H26: Lắp ráp | I26: 8 | M26: 8 | N26: 3 | Q26: 8 | R26: 3 | U26: 8 | V26: 3 | EC26: =SUMIF($I$10:$EB$10,$EC$10,I26:EB26) -> 32 | ED26: =SUMIF($I$10:$EB$10,$ED$10,I26:EB26) -> 9 | EE26: =SUMIF($I$10:$EB$10,$EE$10,I26:EB26) -> 0 | EF26: =SUMIF($I$10:$EB$10,$EF$10,I26:EB26) -> 0 | EG26: =SUMIF($I$10:$EB$10,EG$10,$I26:$EB26) -> 0 | EH26: =SUMIF($I$10:$EB$10,EH$10,$I26:$EB26) -> 0 | EI26: =SUMIF($I$10:$EB$10,EI$10,$I26:$EB26) -> 0 | EJ26: =SUMIF($I$10:$EB$10,EJ$10,$I26:$EB26) -> 0
A27: 24 | B27: 23 | C27: LV000919 | D27: 011207004509 | E27: Tòng Văn Tuấn | H27: Lắp ráp | I27: 8 | M27: 8 | Q27: 8 | R27: 3 | U27: 8 | V27: 3 | Y27: 8 | Z27: 3 | AC27: 8 | EC27: =SUMIF($I$10:$EB$10,$EC$10,I27:EB27) -> 48 | ED27: =SUMIF($I$10:$EB$10,$ED$10,I27:EB27) -> 9 | EE27: =SUMIF($I$10:$EB$10,$EE$10,I27:EB27) -> 0 | EF27: =SUMIF($I$10:$EB$10,$EF$10,I27:EB27) -> 0 | EG27: =SUMIF($I$10:$EB$10,EG$10,$I27:$EB27) -> 0 | EH27: =SUMIF($I$10:$EB$10,EH$10,$I27:$EB27) -> 0 | EI27: =SUMIF($I$10:$EB$10,EI$10,$I27:$EB27) -> 0 | EJ27: =SUMIF($I$10:$EB$10,EJ$10,$I27:$EB27) -> 0
A28: 25 | B28: 24 | C28: LV000920 | D28: 011196002961 | E28: Cà Thị Thư | H28: Lắp ráp | I28: 8 | J28: 3 | M28: 8 | N28: 3 | Q28: 8 | R28: 3 | U28: 8 | V28: 3 | Y28: 8 | Z28: 3 | AC28: 8 | EC28: =SUMIF($I$10:$EB$10,$EC$10,I28:EB28) -> 48 | ED28: =SUMIF($I$10:$EB$10,$ED$10,I28:EB28) -> 15 | EE28: =SUMIF($I$10:$EB$10,$EE$10,I28:EB28) -> 0 | EF28: =SUMIF($I$10:$EB$10,$EF$10,I28:EB28) -> 0 | EG28: =SUMIF($I$10:$EB$10,EG$10,$I28:$EB28) -> 0 | EH28: =SUMIF($I$10:$EB$10,EH$10,$I28:$EB28) -> 0 | EI28: =SUMIF($I$10:$EB$10,EI$10,$I28:$EB28) -> 0 | EJ28: =SUMIF($I$10:$EB$10,EJ$10,$I28:$EB28) -> 0
A29: 28 | B29: 25 | C29: LV000922 | D29: 011205003319 | E29: Lò Ngọc Quyền | H29: Lắp ráp | I29: 8 | J29: 3 | M29: 8 | N29: 3 | Q29: 8 | R29: 3 | U29: 8 | V29: 2 | Y29: 8 | Z29: 2 | AC29: 8 | EC29: =SUMIF($I$10:$EB$10,$EC$10,I29:EB29) -> 48 | ED29: =SUMIF($I$10:$EB$10,$ED$10,I29:EB29) -> 13 | EE29: =SUMIF($I$10:$EB$10,$EE$10,I29:EB29) -> 0 | EF29: =SUMIF($I$10:$EB$10,$EF$10,I29:EB29) -> 0 | EG29: =SUMIF($I$10:$EB$10,EG$10,$I29:$EB29) -> 0 | EH29: =SUMIF($I$10:$EB$10,EH$10,$I29:$EB29) -> 0 | EI29: =SUMIF($I$10:$EB$10,EI$10,$I29:$EB29) -> 0 | EJ29: =SUMIF($I$10:$EB$10,EJ$10,$I29:$EB29) -> 0
B30: 27 | C30: LV001012 | D30: 011304000314 | E30: Lò Thị Hoàn | H30: Lắp ráp | I30: 8 | J30: 3 | M30: 8 | N30: 3 | Q30: 8 | R30: 4 | U30: 8 | V30: 3 | Y30: 8 | Z30: 3 | AC30: 8 | EC30: =SUMIF($I$10:$EB$10,$EC$10,I30:EB30) -> 48 | ED30: =SUMIF($I$10:$EB$10,$ED$10,I30:EB30) -> 16 | EE30: =SUMIF($I$10:$EB$10,$EE$10,I30:EB30) -> 0 | EF30: =SUMIF($I$10:$EB$10,$EF$10,I30:EB30) -> 0 | EG30: =SUMIF($I$10:$EB$10,EG$10,$I30:$EB30) -> 0 | EH30: =SUMIF($I$10:$EB$10,EH$10,$I30:$EB30) -> 0 | EI30: =SUMIF($I$10:$EB$10,EI$10,$I30:$EB30) -> 0 | EJ30: =SUMIF($I$10:$EB$10,EJ$10,$I30:$EB30) -> 0
B31: 28 | C31: LV001013 | D31: 001207000263 | E31: Lường Thị Phương | H31: Lắp ráp | I31: 8 | J31: 2 | M31: 8 | N31: 3 | Q31: 8 | R31: 3 | U31: 8 | V31: 3 | Y31: 8 | Z31: 2 | AC31: 8 | EC31: =SUMIF($I$10:$EB$10,$EC$10,I31:EB31) -> 48 | ED31: =SUMIF($I$10:$EB$10,$ED$10,I31:EB31) -> 13 | EE31: =SUMIF($I$10:$EB$10,$EE$10,I31:EB31) -> 0 | EF31: =SUMIF($I$10:$EB$10,$EF$10,I31:EB31) -> 0 | EG31: =SUMIF($I$10:$EB$10,EG$10,$I31:$EB31) -> 0 | EH31: =SUMIF($I$10:$EB$10,EH$10,$I31:$EB31) -> 0 | EI31: =SUMIF($I$10:$EB$10,EI$10,$I31:$EB31) -> 0 | EJ31: =SUMIF($I$10:$EB$10,EJ$10,$I31:$EB31) -> 0
B32: 30 | C32: LV001017 | D32: 011307001003 | E32: Cà Hiền Nương | H32: Lắp ráp | I32: 8 | M32: 8 | Q32: 8 | R32: 3 | U32: 8 | Y32: 8 | Z32: 3 | AC32: 8 | EC32: =SUMIF($I$10:$EB$10,$EC$10,I32:EB32) -> 48 | ED32: =SUMIF($I$10:$EB$10,$ED$10,I32:EB32) -> 6 | EE32: =SUMIF($I$10:$EB$10,$EE$10,I32:EB32) -> 0 | EF32: =SUMIF($I$10:$EB$10,$EF$10,I32:EB32) -> 0 | EG32: =SUMIF($I$10:$EB$10,EG$10,$I32:$EB32) -> 0 | EH32: =SUMIF($I$10:$EB$10,EH$10,$I32:$EB32) -> 0 | EI32: =SUMIF($I$10:$EB$10,EI$10,$I32:$EB32) -> 0 | EJ32: =SUMIF($I$10:$EB$10,EJ$10,$I32:$EB32) -> 0
B33: 31 | C33: LV001019 | D33: 011307007037 | E33: Lò Thị Thươn | H33: Lắp ráp | I33: 8 | M33: 8 | Q33: 8 | R33: 2 | U33: 8 | V33: 3 | Y33: 8 | AC33: 8 | EC33: =SUMIF($I$10:$EB$10,$EC$10,I33:EB33) -> 48 | ED33: =SUMIF($I$10:$EB$10,$ED$10,I33:EB33) -> 5 | EE33: =SUMIF($I$10:$EB$10,$EE$10,I33:EB33) -> 0 | EF33: =SUMIF($I$10:$EB$10,$EF$10,I33:EB33) -> 0 | EG33: =SUMIF($I$10:$EB$10,EG$10,$I33:$EB33) -> 0 | EH33: =SUMIF($I$10:$EB$10,EH$10,$I33:$EB33) -> 0 | EI33: =SUMIF($I$10:$EB$10,EI$10,$I33:$EB33) -> 0 | EJ33: =SUMIF($I$10:$EB$10,EJ$10,$I33:$EB33) -> 0
B34: 32 | C34: LV001020 | D34: 011307004081 | E34: Lò Thị Dương | H34: Lắp ráp | I34: 8 | M34: 8 | N34: 2 | Q34: 8 | R34: 2 | U34: 8 | V34: 2 | Y34: 8 | Z34: 2 | AC34: 8 | EC34: =SUMIF($I$10:$EB$10,$EC$10,I34:EB34) -> 48 | ED34: =SUMIF($I$10:$EB$10,$ED$10,I34:EB34) -> 8 | EE34: =SUMIF($I$10:$EB$10,$EE$10,I34:EB34) -> 0 | EF34: =SUMIF($I$10:$EB$10,$EF$10,I34:EB34) -> 0 | EG34: =SUMIF($I$10:$EB$10,EG$10,$I34:$EB34) -> 0 | EH34: =SUMIF($I$10:$EB$10,EH$10,$I34:$EB34) -> 0 | EI34: =SUMIF($I$10:$EB$10,EI$10,$I34:$EB34) -> 0 | EJ34: =SUMIF($I$10:$EB$10,EJ$10,$I34:$EB34) -> 0
B35: 33 | C35: LV001021 | D35: 011306001243 | E35: Lường Thị Yến | H35: Lắp ráp | I35: 8 | J35: 2 | M35: 8 | N35: 3 | Q35: 8 | R35: 3 | U35: 8 | V35: 3 | Y35: 8 | Z35: 2 | AC35: 8 | EC35: =SUMIF($I$10:$EB$10,$EC$10,I35:EB35) -> 48 | ED35: =SUMIF($I$10:$EB$10,$ED$10,I35:EB35) -> 13 | EE35: =SUMIF($I$10:$EB$10,$EE$10,I35:EB35) -> 0 | EF35: =SUMIF($I$10:$EB$10,$EF$10,I35:EB35) -> 0 | EG35: =SUMIF($I$10:$EB$10,EG$10,$I35:$EB35) -> 0 | EH35: =SUMIF($I$10:$EB$10,EH$10,$I35:$EB35) -> 0 | EI35: =SUMIF($I$10:$EB$10,EI$10,$I35:$EB35) -> 0 | EJ35: =SUMIF($I$10:$EB$10,EJ$10,$I35:$EB35) -> 0
B36: 34 | C36: LV001022 | D36: 011307003149 | E36: Lò Thị Hương | H36: Lắp ráp | I36: 8 | M36: 8 | Q36: 8 | U36: 8 | Y36: 8 | AC36: 8 | EC36: =SUMIF($I$10:$EB$10,$EC$10,I36:EB36) -> 48 | ED36: =SUMIF($I$10:$EB$10,$ED$10,I36:EB36) -> 0 | EE36: =SUMIF($I$10:$EB$10,$EE$10,I36:EB36) -> 0 | EF36: =SUMIF($I$10:$EB$10,$EF$10,I36:EB36) -> 0 | EG36: =SUMIF($I$10:$EB$10,EG$10,$I36:$EB36) -> 0 | EH36: =SUMIF($I$10:$EB$10,EH$10,$I36:$EB36) -> 0 | EI36: =SUMIF($I$10:$EB$10,EI$10,$I36:$EB36) -> 0 | EJ36: =SUMIF($I$10:$EB$10,EJ$10,$I36:$EB36) -> 0
B37: 36 | C37: LV001085 | D37: 011304001955 | E37: Lường Thị Na | H37: Lắp ráp | I37: 8 | M37: 8 | N37: 3 | Q37: 8 | R37: 3 | U37: 8 | Y37: 8 | EC37: =SUMIF($I$10:$EB$10,$EC$10,I37:EB37) -> 40 | ED37: =SUMIF($I$10:$EB$10,$ED$10,I37:EB37) -> 6 | EE37: =SUMIF($I$10:$EB$10,$EE$10,I37:EB37) -> 0 | EF37: =SUMIF($I$10:$EB$10,$EF$10,I37:EB37) -> 0 | EG37: =SUMIF($I$10:$EB$10,EG$10,$I37:$EB37) -> 0 | EH37: =SUMIF($I$10:$EB$10,EH$10,$I37:$EB37) -> 0 | EI37: =SUMIF($I$10:$EB$10,EI$10,$I37:$EB37) -> 0 | EJ37: =SUMIF($I$10:$EB$10,EJ$10,$I37:$EB37) -> 0
B38: 37 | C38: LV001088 | D38: 011307003959 | E38: Lò Thị Hiến | H38: Lắp ráp | I38: 8 | J38: 4 | M38: 8 | N38: 4 | Q38: 8 | R38: 4 | U38: 8 | V38: 4 | Y38: 8 | Z38: 4 | AC38: 8 | AD38: 3 | EC38: =SUMIF($I$10:$EB$10,$EC$10,I38:EB38) -> 48 | ED38: =SUMIF($I$10:$EB$10,$ED$10,I38:EB38) -> 23 | EE38: =SUMIF($I$10:$EB$10,$EE$10,I38:EB38) -> 0 | EF38: =SUMIF($I$10:$EB$10,$EF$10,I38:EB38) -> 0 | EG38: =SUMIF($I$10:$EB$10,EG$10,$I38:$EB38) -> 0 | EH38: =SUMIF($I$10:$EB$10,EH$10,$I38:$EB38) -> 0 | EI38: =SUMIF($I$10:$EB$10,EI$10,$I38:$EB38) -> 0 | EJ38: =SUMIF($I$10:$EB$10,EJ$10,$I38:$EB38) -> 0
B39: 38 | C39: LV001091 | D39: 031303006224 | E39: Nguyễn Thị Hoài Thu | H39: Lắp ráp | I39: 8 | M39: 8 | Q39: 8 | R39: 3 | U39: 8 | Y39: 8 | AC39: 8 | EC39: =SUMIF($I$10:$EB$10,$EC$10,I39:EB39) -> 48 | ED39: =SUMIF($I$10:$EB$10,$ED$10,I39:EB39) -> 3 | EE39: =SUMIF($I$10:$EB$10,$EE$10,I39:EB39) -> 0 | EF39: =SUMIF($I$10:$EB$10,$EF$10,I39:EB39) -> 0 | EG39: =SUMIF($I$10:$EB$10,EG$10,$I39:$EB39) -> 0 | EH39: =SUMIF($I$10:$EB$10,EH$10,$I39:$EB39) -> 0 | EI39: =SUMIF($I$10:$EB$10,EI$10,$I39:$EB39) -> 0 | EJ39: =SUMIF($I$10:$EB$10,EJ$10,$I39:$EB39) -> 0
B40: 39 | C40: LV001092 | D40: 011307008571 | E40: Lường Thị Yến | H40: Lắp ráp | I40: 8 | M40: 8 | N40: 3 | Q40: 8 | R40: 4 | U40: 8 | V40: 4 | Y40: 8 | AC40: 8 | EC40: =SUMIF($I$10:$EB$10,$EC$10,I40:EB40) -> 48 | ED40: =SUMIF($I$10:$EB$10,$ED$10,I40:EB40) -> 11 | EE40: =SUMIF($I$10:$EB$10,$EE$10,I40:EB40) -> 0 | EF40: =SUMIF($I$10:$EB$10,$EF$10,I40:EB40) -> 0 | EG40: =SUMIF($I$10:$EB$10,EG$10,$I40:$EB40) -> 0 | EH40: =SUMIF($I$10:$EB$10,EH$10,$I40:$EB40) -> 0 | EI40: =SUMIF($I$10:$EB$10,EI$10,$I40:$EB40) -> 0 | EJ40: =SUMIF($I$10:$EB$10,EJ$10,$I40:$EB40) -> 0
B41: 40 | C41: LV001093 | D41: 011305003834 | E41: Vì Thị Chinh | H41: Lắp ráp | I41: 8 | M41: 8 | N41: 3 | Q41: 8 | R41: 3 | U41: 8 | Y41: 8 | Z41: 3 | AC41: 8 | EC41: =SUMIF($I$10:$EB$10,$EC$10,I41:EB41) -> 48 | ED41: =SUMIF($I$10:$EB$10,$ED$10,I41:EB41) -> 9 | EE41: =SUMIF($I$10:$EB$10,$EE$10,I41:EB41) -> 0 | EF41: =SUMIF($I$10:$EB$10,$EF$10,I41:EB41) -> 0 | EG41: =SUMIF($I$10:$EB$10,EG$10,$I41:$EB41) -> 0 | EH41: =SUMIF($I$10:$EB$10,EH$10,$I41:$EB41) -> 0 | EI41: =SUMIF($I$10:$EB$10,EI$10,$I41:$EB41) -> 0 | EJ41: =SUMIF($I$10:$EB$10,EJ$10,$I41:$EB41) -> 0
B42: 43 | C42: LV001096 | D42: 011305002757 | E42: Lò Thị Minh Thư | H42: Lắp ráp | I42: 8 | M42: 8 | N42: 2 | Q42: 8 | U42: 8 | V42: 2 | Y42: 8 | Z42: 2 | EC42: =SUMIF($I$10:$EB$10,$EC$10,I42:EB42) -> 40 | ED42: =SUMIF($I$10:$EB$10,$ED$10,I42:EB42) -> 6 | EE42: =SUMIF($I$10:$EB$10,$EE$10,I42:EB42) -> 0 | EF42: =SUMIF($I$10:$EB$10,$EF$10,I42:EB42) -> 0 | EG42: =SUMIF($I$10:$EB$10,EG$10,$I42:$EB42) -> 0 | EH42: =SUMIF($I$10:$EB$10,EH$10,$I42:$EB42) -> 0 | EI42: =SUMIF($I$10:$EB$10,EI$10,$I42:$EB42) -> 0 | EJ42: =SUMIF($I$10:$EB$10,EJ$10,$I42:$EB42) -> 0
B43: 44 | C43: LV001098 | D43: 011207001253 | E43: Lường Văn Sơn | H43: Lắp ráp | I43: 8 | M43: 8 | N43: 3 | Q43: 8 | R43: 3 | U43: 8 | V43: 3 | Y43: 7.5 | Z43: 2 | AC43: 8 | EC43: =SUMIF($I$10:$EB$10,$EC$10,I43:EB43) -> 47.5 | ED43: =SUMIF($I$10:$EB$10,$ED$10,I43:EB43) -> 11 | EE43: =SUMIF($I$10:$EB$10,$EE$10,I43:EB43) -> 0 | EF43: =SUMIF($I$10:$EB$10,$EF$10,I43:EB43) -> 0 | EG43: =SUMIF($I$10:$EB$10,EG$10,$I43:$EB43) -> 0 | EH43: =SUMIF($I$10:$EB$10,EH$10,$I43:$EB43) -> 0 | EI43: =SUMIF($I$10:$EB$10,EI$10,$I43:$EB43) -> 0 | EJ43: =SUMIF($I$10:$EB$10,EJ$10,$I43:$EB43) -> 0
B44: 45 | C44: LV001099 | D44: 031204010447 | E44: Bùi Trọng Hiệp | H44: Lắp ráp | I44: 8 | M44: 8 | N44: 3 | Q44: 8 | R44: 4 | U44: 8 | V44: 3 | Y44: 8 | AC44: 8 | EC44: =SUMIF($I$10:$EB$10,$EC$10,I44:EB44) -> 48 | ED44: =SUMIF($I$10:$EB$10,$ED$10,I44:EB44) -> 10 | EE44: =SUMIF($I$10:$EB$10,$EE$10,I44:EB44) -> 0 | EF44: =SUMIF($I$10:$EB$10,$EF$10,I44:EB44) -> 0 | EG44: =SUMIF($I$10:$EB$10,EG$10,$I44:$EB44) -> 0 | EH44: =SUMIF($I$10:$EB$10,EH$10,$I44:$EB44) -> 0 | EI44: =SUMIF($I$10:$EB$10,EI$10,$I44:$EB44) -> 0 | EJ44: =SUMIF($I$10:$EB$10,EJ$10,$I44:$EB44) -> 0
B45: 46 | C45: LV001100 | D45: 031307016828 | E45: Nguyễn Thị Như Quỳnh | H45: Lắp ráp | I45: 8 | M45: 8 | Q45: 8 | R45: 3 | U45: 8 | Y45: 8 | AC45: 8 | EC45: =SUMIF($I$10:$EB$10,$EC$10,I45:EB45) -> 48 | ED45: 4 | EE45: =SUMIF($I$10:$EB$10,$EE$10,I45:EB45) -> 0 | EF45: =SUMIF($I$10:$EB$10,$EF$10,I45:EB45) -> 0 | EG45: =SUMIF($I$10:$EB$10,EG$10,$I45:$EB45) -> 0 | EH45: =SUMIF($I$10:$EB$10,EH$10,$I45:$EB45) -> 0 | EI45: =SUMIF($I$10:$EB$10,EI$10,$I45:$EB45) -> 0 | EJ45: =SUMIF($I$10:$EB$10,EJ$10,$I45:$EB45) -> 0
B46: 47 | C46: LV001102 | D46: 011304005221 | E46: Quàng Thị Hảo | H46: Lắp ráp | I46: 8 | M46: 8 | N46: 3 | Q46: 8 | R46: 3 | U46: 8 | Y46: 4 | AC46: 8 | EC46: =SUMIF($I$10:$EB$10,$EC$10,I46:EB46) -> 44 | ED46: =SUMIF($I$10:$EB$10,$ED$10,I46:EB46) -> 6 | EE46: =SUMIF($I$10:$EB$10,$EE$10,I46:EB46) -> 0 | EF46: =SUMIF($I$10:$EB$10,$EF$10,I46:EB46) -> 0 | EG46: =SUMIF($I$10:$EB$10,EG$10,$I46:$EB46) -> 0 | EH46: =SUMIF($I$10:$EB$10,EH$10,$I46:$EB46) -> 0 | EI46: =SUMIF($I$10:$EB$10,EI$10,$I46:$EB46) -> 0 | EJ46: =SUMIF($I$10:$EB$10,EJ$10,$I46:$EB46) -> 0
B47: 48 | C47: LV001103 | D47: 040205022276 | E47: Lô Văn Hảo | H47: Lắp ráp | I47: 8 | M47: 8 | N47: 3 | Q47: 8 | R47: 3 | U47: 8 | Y47: 8 | Z47: 3 | AC47: 8 | EC47: =SUMIF($I$10:$EB$10,$EC$10,I47:EB47) -> 48 | ED47: =SUMIF($I$10:$EB$10,$ED$10,I47:EB47) -> 9 | EE47: =SUMIF($I$10:$EB$10,$EE$10,I47:EB47) -> 0 | EF47: =SUMIF($I$10:$EB$10,$EF$10,I47:EB47) -> 0 | EG47: =SUMIF($I$10:$EB$10,EG$10,$I47:$EB47) -> 0 | EH47: =SUMIF($I$10:$EB$10,EH$10,$I47:$EB47) -> 0 | EI47: =SUMIF($I$10:$EB$10,EI$10,$I47:$EB47) -> 0 | EJ47: =SUMIF($I$10:$EB$10,EJ$10,$I47:$EB47) -> 0
B48: 49 | C48: LV001104 | D48: 031308015898 | E48: Bùi Thị Minh Hà | H48: Lắp ráp | I48: 8 | M48: 8 | N48: 3 | Q48: 8 | R48: 4 | U48: 8 | V48: 4 | AC48: 8 | EC48: =SUMIF($I$10:$EB$10,$EC$10,I48:EB48) -> 40 | ED48: =SUMIF($I$10:$EB$10,$ED$10,I48:EB48) -> 11 | EE48: =SUMIF($I$10:$EB$10,$EE$10,I48:EB48) -> 0 | EF48: =SUMIF($I$10:$EB$10,$EF$10,I48:EB48) -> 0 | EG48: =SUMIF($I$10:$EB$10,EG$10,$I48:$EB48) -> 0 | EH48: =SUMIF($I$10:$EB$10,EH$10,$I48:$EB48) -> 0 | EI48: =SUMIF($I$10:$EB$10,EI$10,$I48:$EB48) -> 0 | EJ48: =SUMIF($I$10:$EB$10,EJ$10,$I48:$EB48) -> 0
B49: 50 | C49: LV001106 | D49: 011202006748 | E49: Lò Văn Thuận | H49: Lắp ráp | I49: 8 | J49: 3 | M49: 8 | Q49: 8 | R49: 3 | U49: 8 | V49: 3 | AC49: 8 | EC49: =SUMIF($I$10:$EB$10,$EC$10,I49:EB49) -> 40 | ED49: =SUMIF($I$10:$EB$10,$ED$10,I49:EB49) -> 9 | EE49: =SUMIF($I$10:$EB$10,$EE$10,I49:EB49) -> 0 | EF49: =SUMIF($I$10:$EB$10,$EF$10,I49:EB49) -> 0 | EG49: =SUMIF($I$10:$EB$10,EG$10,$I49:$EB49) -> 0 | EH49: =SUMIF($I$10:$EB$10,EH$10,$I49:$EB49) -> 0 | EI49: =SUMIF($I$10:$EB$10,EI$10,$I49:$EB49) -> 0 | EJ49: =SUMIF($I$10:$EB$10,EJ$10,$I49:$EB49) -> 0
B50: 51 | C50: LV001107 | D50: 031307013668 | E50: Hoàng Thị Ngọc Ánh | H50: Lắp ráp | I50: 8 | J50: 3 | M50: 8 | N50: 3 | Q50: 8 | R50: 2 | U50: 8 | V50: 2 | AC50: 8 | EC50: =SUMIF($I$10:$EB$10,$EC$10,I50:EB50) -> 40 | ED50: =SUMIF($I$10:$EB$10,$ED$10,I50:EB50) -> 10 | EE50: =SUMIF($I$10:$EB$10,$EE$10,I50:EB50) -> 0 | EF50: =SUMIF($I$10:$EB$10,$EF$10,I50:EB50) -> 0 | EG50: =SUMIF($I$10:$EB$10,EG$10,$I50:$EB50) -> 0 | EH50: =SUMIF($I$10:$EB$10,EH$10,$I50:$EB50) -> 0 | EI50: =SUMIF($I$10:$EB$10,EI$10,$I50:$EB50) -> 0 | EJ50: =SUMIF($I$10:$EB$10,EJ$10,$I50:$EB50) -> 0
B51: 53 | C51: LV001109 | D51: 040201023553 | E51: Kha Văn Định | H51: Lắp ráp | I51: 8 | M51: 8 | N51: 3 | Q51: 8 | R51: 2 | EC51: =SUMIF($I$10:$EB$10,$EC$10,I51:EB51) -> 24 | ED51: =SUMIF($I$10:$EB$10,$ED$10,I51:EB51) -> 5 | EE51: =SUMIF($I$10:$EB$10,$EE$10,I51:EB51) -> 0 | EF51: =SUMIF($I$10:$EB$10,$EF$10,I51:EB51) -> 0 | EG51: =SUMIF($I$10:$EB$10,EG$10,$I51:$EB51) -> 0 | EH51: =SUMIF($I$10:$EB$10,EH$10,$I51:$EB51) -> 0 | EI51: =SUMIF($I$10:$EB$10,EI$10,$I51:$EB51) -> 0 | EJ51: =SUMIF($I$10:$EB$10,EJ$10,$I51:$EB51) -> 0
B52: 54 | C52: LV001110 | D52: 031306003338 | E52: Trần Thị Thu Chang | H52: Lắp ráp | I52: 8 | M52: 8 | Q52: 8 | R52: 4 | U52: 8 | V52: 4 | AC52: 8 | EC52: =SUMIF($I$10:$EB$10,$EC$10,I52:EB52) -> 40 | ED52: =SUMIF($I$10:$EB$10,$ED$10,I52:EB52) -> 8 | EE52: =SUMIF($I$10:$EB$10,$EE$10,I52:EB52) -> 0 | EF52: =SUMIF($I$10:$EB$10,$EF$10,I52:EB52) -> 0 | EG52: =SUMIF($I$10:$EB$10,EG$10,$I52:$EB52) -> 0 | EH52: =SUMIF($I$10:$EB$10,EH$10,$I52:$EB52) -> 0 | EI52: =SUMIF($I$10:$EB$10,EI$10,$I52:$EB52) -> 0 | EJ52: =SUMIF($I$10:$EB$10,EJ$10,$I52:$EB52) -> 0
B53: 55 | C53: LV001130 | D53: 011204002230 | E53: Vì Văn Sơn | H53: Lắp ráp | I53: 8 | M53: 8 | N53: 2 | Q53: 8 | R53: 3 | U53: 8 | V53: 3 | Y53: 8 | AC53: 8 | EC53: =SUMIF($I$10:$EB$10,$EC$10,I53:EB53) -> 48 | ED53: =SUMIF($I$10:$EB$10,$ED$10,I53:EB53) -> 8 | EE53: =SUMIF($I$10:$EB$10,$EE$10,I53:EB53) -> 0 | EF53: =SUMIF($I$10:$EB$10,$EF$10,I53:EB53) -> 0 | EG53: =SUMIF($I$10:$EB$10,EG$10,$I53:$EB53) -> 0 | EH53: =SUMIF($I$10:$EB$10,EH$10,$I53:$EB53) -> 0 | EI53: =SUMIF($I$10:$EB$10,EI$10,$I53:$EB53) -> 0 | EJ53: =SUMIF($I$10:$EB$10,EJ$10,$I53:$EB53) -> 0
B54: 56 | C54: LV001131 | D54: 031207016981 | E54: Vũ Văn Tú | H54: Lắp ráp | I54: 8 | M54: 8 | N54: 2 | Q54: 8 | R54: 4 | U54: 8 | V54: 2 | Y54: 8 | AC54: 8 | EC54: =SUMIF($I$10:$EB$10,$EC$10,I54:EB54) -> 48 | ED54: =SUMIF($I$10:$EB$10,$ED$10,I54:EB54) -> 8 | EE54: =SUMIF($I$10:$EB$10,$EE$10,I54:EB54) -> 0 | EF54: =SUMIF($I$10:$EB$10,$EF$10,I54:EB54) -> 0 | EG54: =SUMIF($I$10:$EB$10,EG$10,$I54:$EB54) -> 0 | EH54: =SUMIF($I$10:$EB$10,EH$10,$I54:$EB54) -> 0 | EI54: =SUMIF($I$10:$EB$10,EI$10,$I54:$EB54) -> 0 | EJ54: =SUMIF($I$10:$EB$10,EJ$10,$I54:$EB54) -> 0
B55: 57 | C55: LV001132 | D55: 038200015310 | E55: Hoàng Văn Tư | H55: Lắp ráp | I55: 8 | M55: 8 | Q55: 8 | R55: 2 | U55: 8 | V55: 3 | Y55: 8 | AC55: 8 | EC55: =SUMIF($I$10:$EB$10,$EC$10,I55:EB55) -> 48 | ED55: =SUMIF($I$10:$EB$10,$ED$10,I55:EB55) -> 5 | EE55: =SUMIF($I$10:$EB$10,$EE$10,I55:EB55) -> 0 | EF55: =SUMIF($I$10:$EB$10,$EF$10,I55:EB55) -> 0 | EG55: =SUMIF($I$10:$EB$10,EG$10,$I55:$EB55) -> 0 | EH55: =SUMIF($I$10:$EB$10,EH$10,$I55:$EB55) -> 0 | EI55: =SUMIF($I$10:$EB$10,EI$10,$I55:$EB55) -> 0 | EJ55: =SUMIF($I$10:$EB$10,EJ$10,$I55:$EB55) -> 0
B56: 58 | C56: LV001133 | D56: 031208008066 | E56: Nguyễn Văn Phong | H56: Lắp ráp | I56: 8 | M56: 7.5 | N56: 2 | Q56: 8 | R56: 3 | U56: 7.5 | V56: 3 | AC56: 8 | EC56: =SUMIF($I$10:$EB$10,$EC$10,I56:EB56) -> 39 | ED56: =SUMIF($I$10:$EB$10,$ED$10,I56:EB56) -> 8 | EE56: =SUMIF($I$10:$EB$10,$EE$10,I56:EB56) -> 0 | EF56: =SUMIF($I$10:$EB$10,$EF$10,I56:EB56) -> 0 | EG56: =SUMIF($I$10:$EB$10,EG$10,$I56:$EB56) -> 0 | EH56: =SUMIF($I$10:$EB$10,EH$10,$I56:$EB56) -> 0 | EI56: =SUMIF($I$10:$EB$10,EI$10,$I56:$EB56) -> 0 | EJ56: =SUMIF($I$10:$EB$10,EJ$10,$I56:$EB56) -> 0
B57: 59 | C57: LV001135 | D57: 011307008549 | E57: Vì Thị Hiền | H57: Lắp ráp | I57: 8 | M57: 8 | N57: 3 | Q57: 8 | R57: 3 | U57: 8 | V57: 3 | Y57: 8 | Z57: 3 | AC57: 8 | EC57: =SUMIF($I$10:$EB$10,$EC$10,I57:EB57) -> 48 | ED57: =SUMIF($I$10:$EB$10,$ED$10,I57:EB57) -> 12 | EE57: =SUMIF($I$10:$EB$10,$EE$10,I57:EB57) -> 0 | EF57: =SUMIF($I$10:$EB$10,$EF$10,I57:EB57) -> 0 | EG57: =SUMIF($I$10:$EB$10,EG$10,$I57:$EB57) -> 0 | EH57: =SUMIF($I$10:$EB$10,EH$10,$I57:$EB57) -> 0 | EI57: =SUMIF($I$10:$EB$10,EI$10,$I57:$EB57) -> 0 | EJ57: =SUMIF($I$10:$EB$10,EJ$10,$I57:$EB57) -> 0
B58: 60 | C58: LV001136 | D58: 011307008590 | E58: Quàng Thị Hà | H58: Lắp ráp | I58: 8 | M58: 8 | N58: 3 | Q58: 8 | R58: 3 | U58: 8 | Y58: 8 | AC58: 8 | EC58: =SUMIF($I$10:$EB$10,$EC$10,I58:EB58) -> 48 | ED58: =SUMIF($I$10:$EB$10,$ED$10,I58:EB58) -> 6 | EE58: =SUMIF($I$10:$EB$10,$EE$10,I58:EB58) -> 0 | EF58: =SUMIF($I$10:$EB$10,$EF$10,I58:EB58) -> 0 | EG58: =SUMIF($I$10:$EB$10,EG$10,$I58:$EB58) -> 0 | EH58: =SUMIF($I$10:$EB$10,EH$10,$I58:$EB58) -> 0 | EI58: =SUMIF($I$10:$EB$10,EI$10,$I58:$EB58) -> 0 | EJ58: =SUMIF($I$10:$EB$10,EJ$10,$I58:$EB58) -> 0
B59: 61 | C59: LV001137 | D59: 011307002851 | E59: Lò Thị Ánh Tuyết | H59: Lắp ráp | I59: 8 | M59: 8 | N59: 4 | Q59: 8 | R59: 4 | U59: 8 | V59: 3 | Y59: 8 | AC59: 8 | EC59: =SUMIF($I$10:$EB$10,$EC$10,I59:EB59) -> 48 | ED59: =SUMIF($I$10:$EB$10,$ED$10,I59:EB59) -> 11 | EE59: =SUMIF($I$10:$EB$10,$EE$10,I59:EB59) -> 0 | EF59: =SUMIF($I$10:$EB$10,$EF$10,I59:EB59) -> 0 | EG59: =SUMIF($I$10:$EB$10,EG$10,$I59:$EB59) -> 0 | EH59: =SUMIF($I$10:$EB$10,EH$10,$I59:$EB59) -> 0 | EI59: =SUMIF($I$10:$EB$10,EI$10,$I59:$EB59) -> 0 | EJ59: =SUMIF($I$10:$EB$10,EJ$10,$I59:$EB59) -> 0
B60: 62 | C60: LV001138 | D60: 044197000025 | E60: Nguyễn Thị Hiền | H60: Lắp ráp | I60: 8 | M60: 8 | N60: 3 | Q60: 8 | R60: 3 | U60: 8 | Y60: 4 | AC60: 8 | EC60: =SUMIF($I$10:$EB$10,$EC$10,I60:EB60) -> 44 | ED60: =SUMIF($I$10:$EB$10,$ED$10,I60:EB60) -> 6 | EE60: =SUMIF($I$10:$EB$10,$EE$10,I60:EB60) -> 0 | EF60: =SUMIF($I$10:$EB$10,$EF$10,I60:EB60) -> 0 | EG60: =SUMIF($I$10:$EB$10,EG$10,$I60:$EB60) -> 0 | EH60: =SUMIF($I$10:$EB$10,EH$10,$I60:$EB60) -> 0 | EI60: =SUMIF($I$10:$EB$10,EI$10,$I60:$EB60) -> 0 | EJ60: =SUMIF($I$10:$EB$10,EJ$10,$I60:$EB60) -> 0
B61: 63 | C61: LV001139 | D61: 011305000923 | E61: Lò Kiều Linh | H61: Lắp ráp | I61: 8 | M61: 8 | N61: 3 | Q61: 8 | R61: 4 | Y61: 8 | AC61: 8 | EC61: =SUMIF($I$10:$EB$10,$EC$10,I61:EB61) -> 40 | ED61: =SUMIF($I$10:$EB$10,$ED$10,I61:EB61) -> 7 | EE61: =SUMIF($I$10:$EB$10,$EE$10,I61:EB61) -> 0 | EF61: =SUMIF($I$10:$EB$10,$EF$10,I61:EB61) -> 0 | EG61: =SUMIF($I$10:$EB$10,EG$10,$I61:$EB61) -> 0 | EH61: =SUMIF($I$10:$EB$10,EH$10,$I61:$EB61) -> 0 | EI61: =SUMIF($I$10:$EB$10,EI$10,$I61:$EB61) -> 0 | EJ61: =SUMIF($I$10:$EB$10,EJ$10,$I61:$EB61) -> 0
B62: 64 | C62: LV001140 | D62: 011307006145 | E62: Lò Thị Dân | H62: Lắp ráp | I62: 8 | M62: 8 | N62: 3 | Q62: 8 | R62: 3 | U62: 8 | Y62: 8 | AC62: 8 | EC62: =SUMIF($I$10:$EB$10,$EC$10,I62:EB62) -> 48 | ED62: =SUMIF($I$10:$EB$10,$ED$10,I62:EB62) -> 6 | EE62: =SUMIF($I$10:$EB$10,$EE$10,I62:EB62) -> 0 | EF62: =SUMIF($I$10:$EB$10,$EF$10,I62:EB62) -> 0 | EG62: =SUMIF($I$10:$EB$10,EG$10,$I62:$EB62) -> 0 | EH62: =SUMIF($I$10:$EB$10,EH$10,$I62:$EB62) -> 0 | EI62: =SUMIF($I$10:$EB$10,EI$10,$I62:$EB62) -> 0 | EJ62: =SUMIF($I$10:$EB$10,EJ$10,$I62:$EB62) -> 0
B63: 66 | C63: LV001142 | D63: 011307002229 | E63: Cà Thị Dấn | H63: Lắp ráp | I63: 8 | M63: 8 | N63: 3 | Q63: 8 | R63: 3 | U63: 8 | Y63: 8 | AC63: 8 | EC63: =SUMIF($I$10:$EB$10,$EC$10,I63:EB63) -> 48 | ED63: =SUMIF($I$10:$EB$10,$ED$10,I63:EB63) -> 6 | EE63: =SUMIF($I$10:$EB$10,$EE$10,I63:EB63) -> 0 | EF63: =SUMIF($I$10:$EB$10,$EF$10,I63:EB63) -> 0 | EG63: =SUMIF($I$10:$EB$10,EG$10,$I63:$EB63) -> 0 | EH63: =SUMIF($I$10:$EB$10,EH$10,$I63:$EB63) -> 0 | EI63: =SUMIF($I$10:$EB$10,EI$10,$I63:$EB63) -> 0 | EJ63: =SUMIF($I$10:$EB$10,EJ$10,$I63:$EB63) -> 0
B64: 68 | C64: LV001144 | D64: 011307004104 | E64: Tòng Thị Hằng | H64: Lắp ráp | I64: 8 | M64: 8 | N64: 3 | Q64: 8 | R64: 4 | U64: 8 | V64: 4 | Y64: 8 | AC64: 8 | EC64: =SUMIF($I$10:$EB$10,$EC$10,I64:EB64) -> 48 | ED64: =SUMIF($I$10:$EB$10,$ED$10,I64:EB64) -> 11 | EE64: =SUMIF($I$10:$EB$10,$EE$10,I64:EB64) -> 0 | EF64: =SUMIF($I$10:$EB$10,$EF$10,I64:EB64) -> 0 | EG64: =SUMIF($I$10:$EB$10,EG$10,$I64:$EB64) -> 0 | EH64: =SUMIF($I$10:$EB$10,EH$10,$I64:$EB64) -> 0 | EI64: =SUMIF($I$10:$EB$10,EI$10,$I64:$EB64) -> 0 | EJ64: =SUMIF($I$10:$EB$10,EJ$10,$I64:$EB64) -> 0
B65: 71 | C65: LV001149 | D65: 031098001837 | E65: Trịnh Văn Tuấn | H65: Lắp ráp | I65: 8 | M65: 8 | N65: 3 | Q65: 8 | R65: 3 | U65: 8 | V65: 3 | Y65: 8 | EC65: =SUMIF($I$10:$EB$10,$EC$10,I65:EB65) -> 40 | ED65: =SUMIF($I$10:$EB$10,$ED$10,I65:EB65) -> 9 | EE65: =SUMIF($I$10:$EB$10,$EE$10,I65:EB65) -> 0 | EF65: =SUMIF($I$10:$EB$10,$EF$10,I65:EB65) -> 0 | EG65: =SUMIF($I$10:$EB$10,EG$10,$I65:$EB65) -> 0 | EH65: =SUMIF($I$10:$EB$10,EH$10,$I65:$EB65) -> 0 | EI65: =SUMIF($I$10:$EB$10,EI$10,$I65:$EB65) -> 0 | EJ65: =SUMIF($I$10:$EB$10,EJ$10,$I65:$EB65) -> 0
B66: 72 | C66: LV001150 | D66: 011306008023 | E66: Lường Quỳnh Oanh | H66: Lắp ráp | I66: 8 | M66: 8 | N66: 3 | Q66: 8 | R66: 3 | U66: 8 | V66: 3 | Y66: 8 | Z66: 3 | AC66: 8 | EC66: =SUMIF($I$10:$EB$10,$EC$10,I66:EB66) -> 48 | ED66: =SUMIF($I$10:$EB$10,$ED$10,I66:EB66) -> 12 | EE66: =SUMIF($I$10:$EB$10,$EE$10,I66:EB66) -> 0 | EF66: =SUMIF($I$10:$EB$10,$EF$10,I66:EB66) -> 0 | EG66: =SUMIF($I$10:$EB$10,EG$10,$I66:$EB66) -> 0 | EH66: =SUMIF($I$10:$EB$10,EH$10,$I66:$EB66) -> 0 | EI66: =SUMIF($I$10:$EB$10,EI$10,$I66:$EB66) -> 0 | EJ66: =SUMIF($I$10:$EB$10,EJ$10,$I66:$EB66) -> 0
B67: 73 | C67: LV001152 | D67: 011207007396 | E67: Tòng Văn Hoàng | H67: Lắp ráp | I67: 8 | M67: 8 | N67: 3 | Q67: 8 | R67: 2 | U67: 8 | V67: 2 | Y67: 8 | Z67: 3 | AC67: 8 | EC67: =SUMIF($I$10:$EB$10,$EC$10,I67:EB67) -> 48 | ED67: =SUMIF($I$10:$EB$10,$ED$10,I67:EB67) -> 10 | EE67: =SUMIF($I$10:$EB$10,$EE$10,I67:EB67) -> 0 | EF67: =SUMIF($I$10:$EB$10,$EF$10,I67:EB67) -> 0 | EG67: =SUMIF($I$10:$EB$10,EG$10,$I67:$EB67) -> 0 | EH67: =SUMIF($I$10:$EB$10,EH$10,$I67:$EB67) -> 0 | EI67: =SUMIF($I$10:$EB$10,EI$10,$I67:$EB67) -> 0 | EJ67: =SUMIF($I$10:$EB$10,EJ$10,$I67:$EB67) -> 0
B68: 74 | C68: TV000191 | D68: 027202000029 | E68: Nguyễn Sỹ Hùng | H68: Lắp ráp | I68: 8 | J68: 4 | M68: 8 | N68: 3 | U68: 8 | V68: 3 | Y68: 8 | Z68: 2 | AC68: 7.5 | EC68: =SUMIF($I$10:$EB$10,$EC$10,I68:EB68) -> 39.5 | ED68: =SUMIF($I$10:$EB$10,$ED$10,I68:EB68) -> 12 | EE68: =SUMIF($I$10:$EB$10,$EE$10,I68:EB68) -> 0 | EF68: =SUMIF($I$10:$EB$10,$EF$10,I68:EB68) -> 0 | EG68: =SUMIF($I$10:$EB$10,EG$10,$I68:$EB68) -> 0 | EH68: =SUMIF($I$10:$EB$10,EH$10,$I68:$EB68) -> 0 | EI68: =SUMIF($I$10:$EB$10,EI$10,$I68:$EB68) -> 0 | EJ68: =SUMIF($I$10:$EB$10,EJ$10,$I68:$EB68) -> 0
B69: 75 | C69: TV000604 | D69: 031094015626 | E69: Phạm Văn Khương | H69: Lắp ráp | I69: 8 | U69: 8 | AC69: 8 | EC69: =SUMIF($I$10:$EB$10,$EC$10,I69:EB69) -> 24 | ED69: =SUMIF($I$10:$EB$10,$ED$10,I69:EB69) -> 0 | EE69: =SUMIF($I$10:$EB$10,$EE$10,I69:EB69) -> 0 | EF69: =SUMIF($I$10:$EB$10,$EF$10,I69:EB69) -> 0 | EG69: =SUMIF($I$10:$EB$10,EG$10,$I69:$EB69) -> 0 | EH69: =SUMIF($I$10:$EB$10,EH$10,$I69:$EB69) -> 0 | EI69: =SUMIF($I$10:$EB$10,EI$10,$I69:$EB69) -> 0 | EJ69: =SUMIF($I$10:$EB$10,EJ$10,$I69:$EB69) -> 0
A70: 2 | B70: 76 | C70: LV000091 | D70: 014190012767 | E70: Lò Thị Trường | F70: 46029 | H70: Nhựa | I70: 8 | J70: 4 | M70: 8 | N70: 4 | Q70: 8 | R70: 4 | U70: 8 | V70: 4 | Y70: 8 | Z70: 4 | AC70: 8 | AD70: 4 | EC70: =SUMIF($I$10:$EB$10,$EC$10,I70:EB70) -> 48 | ED70: =SUMIF($I$10:$EB$10,$ED$10,I70:EB70) -> 24 | EE70: =SUMIF($I$10:$EB$10,$EE$10,I70:EB70) -> 0 | EF70: =SUMIF($I$10:$EB$10,$EF$10,I70:EB70) -> 0 | EG70: =SUMIF($I$10:$EB$10,EG$10,$I70:$EB70) -> 0 | EH70: =SUMIF($I$10:$EB$10,EH$10,$I70:$EB70) -> 0 | EI70: =SUMIF($I$10:$EB$10,EI$10,$I70:$EB70) -> 0 | EJ70: =SUMIF($I$10:$EB$10,EJ$10,$I70:$EB70) -> 0
A71: 3 | B71: 77 | C71: LV000092 | D71: 014207002665 | E71: Lò Văn An | F71: 46078 | H71: Nhựa | I71: 8 | J71: 4 | M71: 8 | N71: 4 | Q71: 8 | R71: 4 | U71: 8 | V71: 4 | Y71: 8 | Z71: 4 | AC71: 8 | AD71: 4 | EC71: =SUMIF($I$10:$EB$10,$EC$10,I71:EB71) -> 48 | ED71: =SUMIF($I$10:$EB$10,$ED$10,I71:EB71) -> 24 | EE71: =SUMIF($I$10:$EB$10,$EE$10,I71:EB71) -> 0 | EF71: =SUMIF($I$10:$EB$10,$EF$10,I71:EB71) -> 0 | EG71: =SUMIF($I$10:$EB$10,EG$10,$I71:$EB71) -> 0 | EH71: =SUMIF($I$10:$EB$10,EH$10,$I71:$EB71) -> 0 | EI71: =SUMIF($I$10:$EB$10,EI$10,$I71:$EB71) -> 0 | EJ71: =SUMIF($I$10:$EB$10,EJ$10,$I71:$EB71) -> 0
A72: 5 | B72: 78 | C72: LV000094 | D72: 014309004488 | E72: Lò Thị Hoạch | F72: 45964 | H72: Nhựa | I72: 8 | J72: 4 | M72: 8 | N72: 4 | Q72: 8 | R72: 4 | U72: 8 | V72: 4 | Y72: 8 | Z72: 4 | AC72: 8 | AD72: 4 | EC72: =SUMIF($I$10:$EB$10,$EC$10,I72:EB72) -> 48 | ED72: =SUMIF($I$10:$EB$10,$ED$10,I72:EB72) -> 24 | EE72: =SUMIF($I$10:$EB$10,$EE$10,I72:EB72) -> 0 | EF72: =SUMIF($I$10:$EB$10,$EF$10,I72:EB72) -> 0 | EG72: =SUMIF($I$10:$EB$10,EG$10,$I72:$EB72) -> 0 | EH72: =SUMIF($I$10:$EB$10,EH$10,$I72:$EB72) -> 0 | EI72: =SUMIF($I$10:$EB$10,EI$10,$I72:$EB72) -> 0 | EJ72: =SUMIF($I$10:$EB$10,EJ$10,$I72:$EB72) -> 0
A73: 16 | B73: 79 | C73: LV000385 | D73: 031097007895 | E73: Đồng Xuân Tuấn Vũ | F73: 46148 | H73: Nhựa | J73: 2 | K73: 8 | L73: 2 | N73: 2 | O73: 8 | P73: 2 | R73: 2 | S73: 8 | T73: 2 | V73: 2 | W73: 8 | X73: 2 | Z73: 2 | AA73: 8 | AB73: 2 | AE73: 8 | AF73: 2 | EC73: =SUMIF($I$10:$EB$10,$EC$10,I73:EB73) -> 0 | ED73: =SUMIF($I$10:$EB$10,$ED$10,I73:EB73) -> 10 | EE73: =SUMIF($I$10:$EB$10,$EE$10,I73:EB73) -> 48 | EF73: =SUMIF($I$10:$EB$10,$EF$10,I73:EB73) -> 12 | EG73: =SUMIF($I$10:$EB$10,EG$10,$I73:$EB73) -> 0 | EH73: =SUMIF($I$10:$EB$10,EH$10,$I73:$EB73) -> 0 | EI73: =SUMIF($I$10:$EB$10,EI$10,$I73:$EB73) -> 0 | EJ73: =SUMIF($I$10:$EB$10,EJ$10,$I73:$EB73) -> 0
A74: 21 | B74: 81 | C74: LV000773 | D74: 011206008170 | E74: Cà Văn Hùng | F74: 45783 | H74: Nhựa | J74: 2 | K74: 8 | L74: 2 | N74: 2 | O74: 8 | P74: 2 | R74: 2 | S74: 8 | T74: 2 | V74: 2 | W74: 8 | X74: 2 | Z74: 2 | AA74: 8 | AB74: 2 | AD74: 2 | AE74: 8 | AF74: 2 | EC74: =SUMIF($I$10:$EB$10,$EC$10,I74:EB74) -> 0 | ED74: =SUMIF($I$10:$EB$10,$ED$10,I74:EB74) -> 12 | EE74: =SUMIF($I$10:$EB$10,$EE$10,I74:EB74) -> 48 | EF74: =SUMIF($I$10:$EB$10,$EF$10,I74:EB74) -> 12 | EG74: =SUMIF($I$10:$EB$10,EG$10,$I74:$EB74) -> 0 | EH74: =SUMIF($I$10:$EB$10,EH$10,$I74:$EB74) -> 0 | EI74: =SUMIF($I$10:$EB$10,EI$10,$I74:$EB74) -> 0 | EJ74: =SUMIF($I$10:$EB$10,EJ$10,$I74:$EB74) -> 0
A75: 30 | B75: 83 | C75: LV000924 | D75: 040306009230 | E75: Nguyễn Thị Thương | F75: 46162 | H75: Nhựa | I75: 8 | J75: 4 | M75: 8 | N75: 4 | Q75: 8 | R75: 4 | U75: 8 | V75: 4 | Y75: 8 | Z75: 4 | AC75: 8 | AD75: 4 | EC75: =SUMIF($I$10:$EB$10,$EC$10,I75:EB75) -> 48 | ED75: =SUMIF($I$10:$EB$10,$ED$10,I75:EB75) -> 24 | EE75: =SUMIF($I$10:$EB$10,$EE$10,I75:EB75) -> 0 | EF75: =SUMIF($I$10:$EB$10,$EF$10,I75:EB75) -> 0 | EG75: =SUMIF($I$10:$EB$10,EG$10,$I75:$EB75) -> 0 | EH75: =SUMIF($I$10:$EB$10,EH$10,$I75:$EB75) -> 0 | EI75: =SUMIF($I$10:$EB$10,EI$10,$I75:$EB75) -> 0 | EJ75: =SUMIF($I$10:$EB$10,EJ$10,$I75:$EB75) -> 0
A76: 31 | B76: 84 | C76: LV000925 | D76: 031098003547 | E76: Nguyễn Đình Huy | F76: 46162 | H76: Nhựa | J76: 2 | K76: 8 | L76: 2 | N76: 2 | O76: 8 | P76: 2 | R76: 2 | S76: 8 | T76: 2 | V76: 2 | W76: 8 | X76: 2 | AD76: 2 | AE76: 8 | AF76: 2 | EC76: =SUMIF($I$10:$EB$10,$EC$10,I76:EB76) -> 0 | ED76: =SUMIF($I$10:$EB$10,$ED$10,I76:EB76) -> 10 | EE76: =SUMIF($I$10:$EB$10,$EE$10,I76:EB76) -> 40 | EF76: =SUMIF($I$10:$EB$10,$EF$10,I76:EB76) -> 10 | EG76: =SUMIF($I$10:$EB$10,EG$10,$I76:$EB76) -> 0 | EH76: =SUMIF($I$10:$EB$10,EH$10,$I76:$EB76) -> 0 | EI76: =SUMIF($I$10:$EB$10,EI$10,$I76:$EB76) -> 0 | EJ76: =SUMIF($I$10:$EB$10,EJ$10,$I76:$EB76) -> 0
A77: 32 | B77: 85 | C77: LV000926 | D77: 040205013152 | E77: Nguyễn Trọng Thắng | F77: 46162 | H77: Nhựa | J77: 2 | K77: 8 | L77: 2 | N77: 2 | O77: 8 | P77: 2 | R77: 1 | S77: 8 | T77: 2 | Z77: 2 | AA77: 8 | AB77: 2 | AD77: 2 | AE77: 8 | AF77: 2 | EC77: =SUMIF($I$10:$EB$10,$EC$10,I77:EB77) -> 0 | ED77: =SUMIF($I$10:$EB$10,$ED$10,I77:EB77) -> 9 | EE77: =SUMIF($I$10:$EB$10,$EE$10,I77:EB77) -> 40 | EF77: =SUMIF($I$10:$EB$10,$EF$10,I77:EB77) -> 10 | EG77: =SUMIF($I$10:$EB$10,EG$10,$I77:$EB77) -> 0 | EH77: =SUMIF($I$10:$EB$10,EH$10,$I77:$EB77) -> 0 | EI77: =SUMIF($I$10:$EB$10,EI$10,$I77:$EB77) -> 0 | EJ77: =SUMIF($I$10:$EB$10,EJ$10,$I77:$EB77) -> 0
B78: 86 | C78: LV001000 | D78: 011190001082 | E78: Lù Thị Ngoan | F78: 46162 | H78: Nhựa | J78: 2 | K78: 8 | L78: 2 | N78: 2 | O78: 8 | P78: 2 | R78: 2 | S78: 8 | T78: 2 | V78: 2 | W78: 8 | X78: 2 | Z78: 2 | AA78: 8 | AB78: 2 | AD78: 2 | AE78: 8 | AF78: 2 | EC78: =SUMIF($I$10:$EB$10,$EC$10,I78:EB78) -> 0 | ED78: =SUMIF($I$10:$EB$10,$ED$10,I78:EB78) -> 12 | EE78: =SUMIF($I$10:$EB$10,$EE$10,I78:EB78) -> 48 | EF78: =SUMIF($I$10:$EB$10,$EF$10,I78:EB78) -> 12 | EG78: =SUMIF($I$10:$EB$10,EG$10,$I78:$EB78) -> 0 | EH78: =SUMIF($I$10:$EB$10,EH$10,$I78:$EB78) -> 0 | EI78: =SUMIF($I$10:$EB$10,EI$10,$I78:$EB78) -> 0 | EJ78: =SUMIF($I$10:$EB$10,EJ$10,$I78:$EB78) -> 0
B79: 87 | C79: LV001080 | D79: 011205002019 | E79: Lường Văn Thưởng | F79: 46167 | H79: Nhựa | I79: 8 | J79: 4 | M79: 8 | N79: 4 | Q79: 8 | R79: 4 | U79: 8 | V79: 4 | Y79: 8 | Z79: 4 | EC79: =SUMIF($I$10:$EB$10,$EC$10,I79:EB79) -> 40 | ED79: =SUMIF($I$10:$EB$10,$ED$10,I79:EB79) -> 20 | EE79: =SUMIF($I$10:$EB$10,$EE$10,I79:EB79) -> 0 | EF79: =SUMIF($I$10:$EB$10,$EF$10,I79:EB79) -> 0 | EG79: =SUMIF($I$10:$EB$10,EG$10,$I79:$EB79) -> 0 | EH79: =SUMIF($I$10:$EB$10,EH$10,$I79:$EB79) -> 0 | EI79: =SUMIF($I$10:$EB$10,EI$10,$I79:$EB79) -> 0 | EJ79: =SUMIF($I$10:$EB$10,EJ$10,$I79:$EB79) -> 0
B80: 88 | C80: LV001083 | D80: 011307004617 | E80: Lò Thị Doan | F80: 46169 | H80: Nhựa | I80: 8 | J80: 4 | M80: 8 | N80: 4 | Q80: 8 | R80: 4 | U80: 8 | V80: 4 | Y80: 8 | Z80: 4 | AC80: 8 | AD80: 4 | EC80: =SUMIF($I$10:$EB$10,$EC$10,I80:EB80) -> 48 | ED80: =SUMIF($I$10:$EB$10,$ED$10,I80:EB80) -> 24 | EE80: =SUMIF($I$10:$EB$10,$EE$10,I80:EB80) -> 0 | EF80: =SUMIF($I$10:$EB$10,$EF$10,I80:EB80) -> 0 | EG80: =SUMIF($I$10:$EB$10,EG$10,$I80:$EB80) -> 0 | EH80: =SUMIF($I$10:$EB$10,EH$10,$I80:$EB80) -> 0 | EI80: =SUMIF($I$10:$EB$10,EI$10,$I80:$EB80) -> 0 | EJ80: =SUMIF($I$10:$EB$10,EJ$10,$I80:$EB80) -> 0
B81: 89 | C81: LV001084 | D81: 011307000397 | E81: Tòng Thị Hương | F81: 46169 | H81: Nhựa | I81: 8 | J81: 4 | M81: 8 | N81: 4 | Q81: 8 | R81: 4 | U81: 8 | V81: 4 | AC81: 8 | AD81: 4 | EC81: =SUMIF($I$10:$EB$10,$EC$10,I81:EB81) -> 40 | ED81: =SUMIF($I$10:$EB$10,$ED$10,I81:EB81) -> 20 | EE81: =SUMIF($I$10:$EB$10,$EE$10,I81:EB81) -> 0 | EF81: =SUMIF($I$10:$EB$10,$EF$10,I81:EB81) -> 0 | EG81: =SUMIF($I$10:$EB$10,EG$10,$I81:$EB81) -> 0 | EH81: =SUMIF($I$10:$EB$10,EH$10,$I81:$EB81) -> 0 | EI81: =SUMIF($I$10:$EB$10,EI$10,$I81:$EB81) -> 0 | EJ81: =SUMIF($I$10:$EB$10,EJ$10,$I81:$EB81) -> 0
B82: 90 | C82: LV001081 | D82: 011204002004 | E82: Tòng Văn Nam | F82: 46167 | H82: Nhựa | I82: 8 | J82: 4 | M82: 8 | N82: 4 | Q82: 8 | R82: 4 | Y82: 8 | Z82: 4 | AC82: 8 | AD82: 4 | EC82: =SUMIF($I$10:$EB$10,$EC$10,I82:EB82) -> 40 | ED82: =SUMIF($I$10:$EB$10,$ED$10,I82:EB82) -> 20 | EE82: =SUMIF($I$10:$EB$10,$EE$10,I82:EB82) -> 0 | EF82: =SUMIF($I$10:$EB$10,$EF$10,I82:EB82) -> 0 | EG82: =SUMIF($I$10:$EB$10,EG$10,$I82:$EB82) -> 0 | EH82: =SUMIF($I$10:$EB$10,EH$10,$I82:$EB82) -> 0 | EI82: =SUMIF($I$10:$EB$10,EI$10,$I82:$EB82) -> 0 | EJ82: =SUMIF($I$10:$EB$10,EJ$10,$I82:$EB82) -> 0
F83: 46174 | EC83: =SUMIF($I$10:$EB$10,$EC$10,I83:EB83) -> 0 | ED83: =SUMIF($I$10:$EB$10,$ED$10,I83:EB83) -> 0 | EE83: =SUMIF($I$10:$EB$10,$EE$10,I83:EB83) -> 0 | EF83: =SUMIF($I$10:$EB$10,$EF$10,I83:EB83) -> 0 | EG83: =SUMIF($I$10:$EB$10,EG$10,$I83:$EB83) -> 0 | EH83: =SUMIF($I$10:$EB$10,EH$10,$I83:$EB83) -> 0 | EI83: =SUMIF($I$10:$EB$10,EI$10,$I83:$EB83) -> 0 | EJ83: =SUMIF($I$10:$EB$10,EJ$10,$I83:$EB83) -> 0
F84: 46174 | EC84: =SUMIF($I$10:$EB$10,$EC$10,I84:EB84) -> 0 | ED84: =SUMIF($I$10:$EB$10,$ED$10,I84:EB84) -> 0 | EE84: =SUMIF($I$10:$EB$10,$EE$10,I84:EB84) -> 0 | EF84: =SUMIF($I$10:$EB$10,$EF$10,I84:EB84) -> 0 | EG84: =SUMIF($I$10:$EB$10,EG$10,$I84:$EB84) -> 0 | EH84: =SUMIF($I$10:$EB$10,EH$10,$I84:$EB84) -> 0 | EI84: =SUMIF($I$10:$EB$10,EI$10,$I84:$EB84) -> 0 | EJ84: =SUMIF($I$10:$EB$10,EJ$10,$I84:$EB84) -> 0
C85: Tổng cộng | EC85: =SUM(EC11:EC19) -> 407 | ED85: =SUM(ED11:ED19) -> 132 | EE85: =SUM(EE11:EE19) -> 0 | EF85: =SUM(EF11:EF19) -> 0 | EG85: =SUM(EG11:EG19) -> 0 | EH85: =SUM(EH11:EH19) -> 0 | EI85: =SUM(EI11:EI19) -> 0 | EJ85: =SUM(EJ11:EJ19) -> 0 | EK85: =SUM(EK11:EK84) -> 0 | EL85: =SUM(EL11:EL84) -> 0

Sheet STK
A1: DANH SÁCH STK NHÂN VIÊN DỰ ÁN
A3: STT | B3: ID | C3: Tên | D3: Stk | E3: Tên Ngân hàng | F3: Ghi chú
A4: 1 | B4: 036203011380 | C4: Nguyễn Trung Hải | D4: 9250167891011 | E4: MB | F4: =VLOOKUP(B4,BCC!$D$11:$EM$74,140,0) -> 0
A5: 2 | B5: 027202000029 | C5: Nguyễn Sỹ Hùng | D5: 296608866 | E5: MB | F5: =VLOOKUP(B5,BCC!$D$11:$EM$74,140,0) -> 0
A6: 4 | B6: 031094015626 | C6: Phạm Văn Khương | D6: 0356755184 | E6: MB | F6: =VLOOKUP(B6,BCC!$D$11:$EM$74,140,0) -> 0
A7: 7 | B7: 011203008736 | C7: Quàng Văn Sơn | D7: 0354284496 | E7: MB | F7: =VLOOKUP(B7,BCC!$D$11:$EM$74,140,0) -> 0
A8: 8 | B8: 031186011750 | C8: Nguyễn Thị Thanh Hiền | D8: 0782256973 | E8: MB | F8: =VLOOKUP(B8,BCC!$D$11:$EM$74,140,0) -> 0
A9: 9 | B9: 014190012767 | C9: Lò Thị Trường | D9: 0326769071 | E9: Abbank | F9: =VLOOKUP(B9,BCC!$D$11:$EM$74,140,0) -> 0
A10: 10 | B10: 014207002665 | C10: Lò Văn An | D10: 25011123335678 | E10: MB | F10: =VLOOKUP(B10,BCC!$D$11:$EM$74,140,0) -> 0
A11: 11 | B11: 014309004488 | C11: Lò Thị Hoạch | D11: 101882769481 | E11: Vietinbank | F11: =VLOOKUP(B11,BCC!$D$11:$EM$74,140,0) -> 0
A12: 12 | B12: 031176000320 | C12: Đinh Thị Tuyến | D12: 020054152 | E12: VIB | F12: =VLOOKUP(B12,BCC!$D$11:$EM$74,140,0) -> 0
A13: 13 | B13: 044307009163 | C13: Đinh Thị Khánh Nhi | D13: 62574823062007 | E13: MB | F13: =VLOOKUP(B13,BCC!$D$11:$EM$74,140,0) -> 0
A14: 14 | B14: 031097007895 | C14: Đồng Xuân Tuấn Vũ | D14: 101877214855 | E14: Vietinbank | F14: =VLOOKUP(B14,BCC!$D$11:$EM$74,140,0) -> 0
A15: 16 | B15: 038304026938 | C15: Trần Thị Ngọc Thành | D15: 0368324193 | E15: MB | F15: =VLOOKUP(B15,BCC!$D$11:$EM$74,140,0) -> 0
... A75: 93 | B75: 031207016981 | C75: Vũ Văn Tú | D75: 0854250922 | E75: MB | F75: =VLOOKUP(B75,BCC!$D$11:$EM$74,140,0) -> 0
F76: =VLOOKUP(B76,STK!D83:EM164,140,0) -> #N/A
F77: =VLOOKUP(B77,STK!D84:EM165,140,0) -> #N/A
